Dr. Boom	130
Baron Geddon	88
Toshley	76
Loatheb	66
Bloodmage Thalnos	54
Blingtron 3000	44
Millhouse Manastorm	30
Lorewalker Cho	12
Onyxia	100
Sylvanas Windrunner	88
Sneed's Old Shredder	78
Illidan Stormrage	66
Tinkmaster Overspark	58
Mimiron's Head	44
Baron Rivendare	30
Nat Pagle	22
Deathwing	100
Malorne	68
Harrison Jones	58
Stalagg	40
Gazlowe	34
Captain Greenskin	28
Mogor the Ogre	68
Hemet Nesingwary	58
Majordomo Executus	48
Nozdormu	38
Rend Blackhand	20
Gruul	68
Leeroy Jenkins	52
Mekgineer Thermaplugg	68
The Beast	56
Kel'Thuzad	90
Malygos	54
Ragnaros the Firelord	92
Cairne Bloodhoof	80
Cenarius	92
Emperor Thaurissan	80
Feugen	72
Foe Reaper 4000	80
Hogger	74
King Mukla	64
Alexstrasza	80
Maexxna	70
Nefarian	82
The Black Knight	74
Ysera	84
Troggzor the Earthinator	74
Chromaggus	70
Ancient of Lore	90
Sea Giant	82
Fel Reaver	70**
Big Game Hunter	64**
Echoing Ooze	50
Southsea Captain	40
Doomsayer	30
Hungry Crab	28**
Tree of Life	4*
Ancient of War	110
Piloted Sky Golem	78
Blood Knight	62
Recombobulator	58
Mini-Mage	40
Hobgoblin	32*
Junkbot	10*
Shade of Naxxramas	66
Faceless Manipulator	58
Murloc Warleader	38
Clockwork Giant	28
Dark Wispers	68
Molten Giant	54
Enhance-o Mechano	36
Force of Nature	68
Mountain Giant	34
Knife Juggler	76
Emperor Cobra	62
Crazed Alchemist	50*
Young Priestess	46
Bloodsail Corsair	30**
Target Dummy	20
Ancient Watcher	2*
Defender of Argus	70
Imp Master	66
Sunfury Protector	54
Nerubian Egg	40*
Mana Wraith	30
Angry Chicken	10
Alarm-o-Bot	1
Starfall	70
Mind Control Tech	66
Wild Pyromancer	56
Pint-Sized Summoner	44
Jeeves	32
Dragon Egg	20*
Mech-Bear-Cat	70
Twilight Drake	66
Arcane Golem	52*
Deathlord	42
Gadgetzan Auctioneer	38*
Lightwarden	20
Volcanic Lumberer	76
Violet Teacher	66
Gnomish Experimenter	50
Demolisher	42
Murloc Tidecaller	16
Keeper of the Grove	82
Madder Bomber	68*
Grove Tender	52
Goblin Sapper	40
Savagery	10*
Azure Drake	82
Nourish	68**
Injured Blademaster	54
Illuminator	40
Secretkeeper	18
Bomb Lobber	80
Recycle	62
Questing Adventurer	56
Kezan Mystic	42**
Mana Addict	12
Sludge Belcher	80
Bite	50
Lil' Exorcist	40*
Master Swordsmith	20
Stampeding Kodo	82*
Arcane Nullifier X-21	48
Coldlight Oracle	12
Argent Commander	80
Wailing Soul	48
Coldlight Seer	10
Sunwalker	84
Abomination	40*
Ancient Mage	24
Ravenholdt Assassin	44
Grim Patron	18*
Swipe	86^
Zombie Chow	76
Anodized Robo Cub	66
Innervate	58^^*
Moonfire	46*
Cogmaster	38
Wisp	16
Grimscale Oracle	8
Dark Iron Dwarf	76
Mad Bomber	68
Argent Squire	54
Leper Gnome	40
Murloc Raider	34
Goldshire Footman	22
Stoneskin Gargoyle	2
Earthen Ring Farseer	66
Clockwork Gnome	52
Stonetusk Boar	40
Naturalize	32
Shieldbearer	22
Ogre Brute	66
Elven Archer	54
Voodoo Doctor	40
Southsea Deckhand	34
Undertaker	26
Scarlet Crusader	68
Acidic Swamp Ooze	58
Ironbeak Owl	44
Explosive Sheep	30*
Young Dragonhawk	12
Piloted Shredder	80
Shattered Sun Cleric	68
Annoy-o-Tron	54
Murloc Tidehunter	44
Frostwolf Grunt	32
Mad Scientist	26
Druid of the Claw	80
Sen'jin Shieldmasta	68
Bloodfen Raptor	54
Unstable Ghoul	40
Kobold Geomancer	36
Dalaran Mage	16
Haunted Creeper	74
Spectral Knight	66
Bloodsail Raider	52
Blackwing Technician	46
Dancing Swords	32
Flying Machine	12
Wrath	74
Stranglethorn Tiger	68
Bluegill Warrior	50
Mark of Nature	44*
Gnomeregan Infantry	30
Magma Rager	16
Druid of the Flame	72
Frost Elemental	66
Dire Wolf Alpha	58
Nerub'ar Weblord	42
Healing Touch	30*
Raid Leader	20
Harvest Golem	70
Ironbark Protector	68
Faerie Dragon	56
Savage Roar	48*
Ironforge Rifleman	36
Silverback Patriarch	16
Spider Tank	70
Mark of the Wild	52*
Ancient Brewmaster	46
Dragonling Mechanic	36
Tauren Warrior	24
Chillwind Yeti	70
Micro Machine	52
Oasis Snapjaw	44
Mogu'shan Warden	34
Thrallmar Farseer	12
Mechanical Yeti	70
Novice Engineer	52
Silvermoon Guardian	46
Poison Seeds	30*
Dread Corsair	20
Silver Hand Knight	72
Abusive Sergeant	60
Puddlestomper	52
Antique Healbot	44*
Soul of the Forest	38*
Windfury Harpy	26
Boulderfist Ogre	70
Claw	60
River Crocolisk	54
Blackwing Corruptor	46
Booty Bay Bodyguard	38
Drakonid Crusher	70
Worgen Infiltrator	62
Ship's Cannon	52
Druid of the Fang	44
Nightblade	36
Starfire	72
Amani Berserker	60
Stonesplinter Trogg	56
Gurubashi Berserker	44
Priestess of Elune	30
Stormwind Champion	70
Gilblin Stalker	64
Wild Growth	50
Salty Dog	40
Core Hound	30
Loot Hoarder	60
Youthful Brewmaster	50
Reckless Rocketeer	46
Mechwarper	60
Flesheating Ghoul	50
Power of the Wild	64
Ironfur Grizzly	50
Acolyte of Pain	60
Jungle Panther	54
Burly Rockjaw Trogg	60
Raging Worgen	54
Cult Master	62*
Razorfen Hunter	54
Gnomish Inventor	60
Tinkertown Technician	50
Hungry Dragon	60
Wolfrider	50
Spellbreaker	64
Dragonkin Sorcerer	52
Darkscale Healer	60
Lost Tallstrider	56
Fen Creeper	60
Ogre Magi	50
Frostwolf Warlord	60
Stormwind Knight	54
Force-Tank MAX	60
Lord of the Arena	50
Venture Co. Mercenary	54*
Spiteful Smith	52
Stormpike Commando	56
Archmage	54
Volcanic Drake	50
War Golem	50
